Trip_Distance_km,Time_of_Day,Day_of_Week,Passenger_Count,Traffic_Conditions,Weather,Trip_Duration_Minutes,Trip_Price
19.35,Morning,Weekday,3.0,Low,Clear,53.82,36.2624
36.87,Evening,Weekend,1.0,High,Clear,37.27,52.9032
8.64,Afternoon,Weekend,2.0,Medium,Clear,89.33,60.2028
41.79,Night,Weekend,3.0,High,Clear,86.95,88.13279999999999
9.91,Evening,Weekday,2.0,High,Clear,41.72,28.9914
9.99,Night,Weekday,4.0,High,Clear,34.0,27.4415
15.91,Morning,Weekday,4.0,Low,Clear,114.93,56.716
26.71,Afternoon,Weekend,4.0,Low,Rain,111.18,69.0049
30.98,Afternoon,Weekend,1.0,Low,Rain,57.02,44.7782
18.95,Night,Weekday,1.0,Low,Clear,54.04,39.2366
3.28,Evening,Weekday,2.0,Medium,Clear,78.04,24.260800000000003
30.77,Morning,Weekday,1.0,Low,Clear,109.6,58.8121
9.36,Afternoon,Weekday,1.0,Medium,Clear,7.07,20.7765
48.32,Morning,Weekday,2.0,Low,Clear,67.25,61.5552
40.61,Afternoon,Weekday,1.0,Low,Clear,42.25,54.1018
5.79,Evening,Weekday,4.0,Low,Clear,107.07,40.9225
6.98,Afternoon,Weekend,2.0,Low,Clear,72.37,20.791
25.26,Evening,Weekday,2.0,High,Clear,82.53,57.0482
2.69,Afternoon,Weekday,4.0,Low,Clear,97.49,42.9921
33.46,Afternoon,Weekend,2.0,Low,Rain,64.07,30.9982
26.48,Morning,Weekend,3.0,Medium,Clear,47.97,44.844
27.79,Evening,Weekday,2.0,Low,Clear,49.63,44.1197
10.06,Morning,Weekday,2.0,Medium,Rain,16.0,20.1596
38.98,Afternoon,Weekday,3.0,Low,Clear,15.47,57.0766
44.85,Evening,Weekend,1.0,Medium,Rain,52.52,41.9343
30.3,Night,Weekend,1.0,Low,Clear,51.65,72.2695
46.17,Afternoon,Weekday,4.0,Medium,Clear,83.15,99.8989
3.22,Afternoon,Weekday,3.0,Low,Rain,93.78,37.1504
16.94,Afternoon,Weekday,3.0,Medium,Snow,100.24,78.715
14.3,Night,Weekday,3.0,High,Clear,108.2,59.181
18.48,Afternoon,Weekday,4.0,Medium,Clear,106.41,69.6575
27.59,Evening,Weekend,1.0,Medium,Rain,67.33,61.459500000000006
7.91,Morning,Weekday,4.0,Medium,Clear,110.69,68.3748
40.31,Morning,Weekday,4.0,Medium,Clear,108.49,71.2142
38.84,Morning,Weekend,2.0,Low,Clear,50.21,69.52810000000001
1.27,Morning,Weekday,2.0,High,Clear,37.99,11.3358
35.64,Night,Weekend,1.0,High,Rain,104.02,36.4388
38.79,Afternoon,Weekday,2.0,Low,Clear,82.93,104.2421
6.68,Night,Weekend,2.0,Medium,Clear,12.08,16.9284
43.29,Evening,Weekday,1.0,Medium,Rain,36.05,94.2463
31.54,Morning,Weekday,2.0,High,Clear,93.37,87.6076
17.21,Afternoon,Weekday,2.0,Low,Rain,106.78,42.8661
4.11,Evening,Weekend,2.0,High,Rain,30.48,11.2613
16.93,Afternoon,Weekday,4.0,Low,Snow,59.09,42.9949
36.75,Afternoon,Weekday,2.0,Medium,Clear,105.46,76.2217
44.47,Night,Weekend,1.0,Low,Clear,64.0,59.761300000000006
6.86,Night,Weekend,2.0,High,Clear,102.45,29.4658
35.95,Afternoon,Weekend,4.0,Low,Clear,6.1,40.4165
28.5,Afternoon,Weekday,1.0,Medium,Clear,109.33,105.9418
26.61,Morning,Weekday,4.0,Low,Rain,65.91,33.0286
21.95,Morning,Weekday,3.0,Medium,Clear,44.99,27.865
32.18,Night,Weekday,2.0,Medium,Rain,87.13,62.4923
25.92,Night,Weekday,3.0,Low,Clear,22.79,58.7766
45.47,Night,Weekend,4.0,Low,Rain,56.93,73.4155
13.22,Morning,Weekday,2.0,Low,Rain,51.92,31.99
21.11,Afternoon,Weekend,4.0,High,Rain,84.06,34.3067
46.56,Morning,Weekday,3.0,Low,Clear,119.21,99.8038
40.6,Afternoon,Weekend,3.0,Medium,Clear,17.2,29.532000000000004
32.04,Afternoon,Weekday,3.0,Low,Clear,31.8,30.446
10.14,Evening,Weekday,3.0,High,Rain,16.24,19.974400000000003
27.43,Morning,Weekend,4.0,Low,Rain,23.53,52.7821
40.56,Evening,Weekend,3.0,Medium,Rain,119.54,82.0828
44.91,Night,Weekday,1.0,Low,Rain,25.7,63.0611
6.39,Evening,Weekday,4.0,High,Clear,102.57,51.6275
12.17,Afternoon,Weekend,4.0,Low,Rain,7.35,25.4826
26.03,Morning,Weekday,2.0,Medium,Clear,83.98,76.20850000000002
21.45,Evening,Weekday,2.0,Medium,Clear,82.54,53.056
6.87,Morning,Weekday,2.0,Medium,Rain,9.0,14.935
17.54,Morning,Weekday,2.0,Low,Rain,52.06,50.696
16.84,Morning,Weekend,2.0,Medium,Snow,98.03,30.942000000000004
26.42,Evening,Weekday,3.0,High,Clear,97.04,75.22040000000001
18.82,Afternoon,Weekday,2.0,Low,Rain,74.75,22.8766
48.62,Afternoon,Weekend,1.0,Low,Rain,74.49,67.2293
14.96,Morning,Weekday,1.0,Medium,Rain,66.66,28.5862
2.81,Evening,Weekend,3.0,Low,Rain,56.65,27.4942
30.87,Evening,Weekday,4.0,Medium,Clear,55.61,76.4286
3.52,Evening,Weekday,4.0,Medium,Rain,87.64,29.4228
45.51,Evening,Weekday,1.0,Medium,Clear,27.65,36.4958
12.74,Evening,Weekday,4.0,Low,Rain,52.47,35.357200000000006
8.1,Afternoon,Weekend,1.0,High,Clear,31.19,14.6127
24.98,Afternoon,Weekend,3.0,Low,Rain,72.14,52.5934
49.3,Afternoon,Weekday,2.0,Low,Clear,47.72,63.866
12.86,Evening,Weekday,1.0,Low,Clear,56.62,39.5698
38.32,Evening,Weekday,1.0,Medium,Clear,28.41,52.6453
19.02,Evening,Weekday,2.0,Medium,Clear,54.88,35.0028
5.42,Morning,Weekday,3.0,Medium,Rain,68.73,30.318
41.93,Evening,Weekend,4.0,Medium,Rain,69.27,87.6519
3.0,Morning,Weekday,2.0,Low,Clear,34.01,19.6645
29.95,Morning,Weekday,2.0,Medium,Clear,98.23,48.7802
1.81,Night,Weekday,1.0,Low,Rain,20.63,12.5567
34.86,Evening,Weekday,4.0,Low,Clear,21.52,62.895
17.71,Night,Weekday,4.0,Medium,Clear,6.06,31.829600000000003
6.56,Afternoon,Weekday,3.0,Low,Clear,97.94,39.4174
43.99,Night,Weekday,2.0,Low,Clear,74.71,66.5363
13.64,Morning,Weekday,4.0,Medium,Rain,43.75,29.5606
33.34,Night,Weekend,1.0,Medium,Clear,72.33,51.2721
41.04,Afternoon,Weekend,1.0,High,Clear,41.3,63.522400000000005
28.2,Morning,Weekend,2.0,Low,Clear,15.0,37.086
17.61,Morning,Weekday,1.0,Low,Clear,64.68,58.257000000000005
44.47,Evening,Weekday,2.0,High,Clear,59.18,95.1969
39.21,Morning,Weekday,2.0,Low,Snow,70.94,54.6348
8.92,Morning,Weekday,3.0,Low,Clear,42.14,28.4048
45.03,Afternoon,Weekday,1.0,High,Clear,32.28,53.2857
5.97,Afternoon,Weekday,4.0,Medium,Rain,90.57,44.95569999999999
8.88,Night,Weekend,4.0,High,Clear,88.21,59.96039999999999
34.9,Afternoon,Weekend,3.0,Medium,Clear,38.29,44.1375
16.94,Morning,Weekend,4.0,Low,Clear,65.42,25.662
37.58,Afternoon,Weekday,4.0,Low,Snow,84.52,86.22719999999998
42.61,Morning,Weekday,3.0,Low,Rain,62.01,72.86829999999999
33.22,Night,Weekend,1.0,Low,Clear,41.02,70.5816
48.68,Afternoon,Weekday,4.0,Low,Rain,51.44,58.9584
20.26,Morning,Weekday,3.0,Low,Rain,29.7,23.0728
31.93,Afternoon,Weekday,1.0,Medium,Clear,37.67,71.4247
39.95,Evening,Weekend,3.0,Low,Clear,25.25,59.828
29.27,Morning,Weekend,4.0,Medium,Rain,33.99,62.982
25.13,Morning,Weekend,4.0,Medium,Rain,57.23,53.2792
14.76,Evening,Weekend,3.0,Medium,Clear,49.98,55.71979999999999
2.19,Afternoon,Weekday,1.0,Medium,Clear,14.2,6.472899999999999
32.63,Night,Weekday,1.0,Medium,Clear,15.33,35.8539
47.08,Evening,Weekend,1.0,High,Rain,73.93,65.587
47.74,Evening,Weekday,3.0,High,Clear,53.16,44.733
45.83,Evening,Weekday,4.0,Medium,Clear,54.66,88.1462
19.14,Evening,Weekend,2.0,Low,Snow,11.2,41.6946
46.49,Afternoon,Weekday,3.0,Low,Clear,63.05,118.0321
21.98,Morning,Weekday,1.0,Medium,Clear,22.2,41.2036
48.22,Night,Weekday,3.0,Medium,Clear,19.21,105.144
15.43,Evening,Weekday,2.0,High,Clear,75.12,29.0991
16.53,Morning,Weekend,4.0,Medium,Clear,24.96,21.4931
9.31,Afternoon,Weekend,2.0,Low,Rain,115.15,32.415000000000006
28.28,Afternoon,Weekday,2.0,Low,Rain,103.28,77.5496
46.87,Morning,Weekday,4.0,Low,Clear,31.51,92.6832
35.11,Afternoon,Weekday,3.0,Low,Rain,42.67,70.2411
28.93,Morning,Weekday,2.0,Medium,Clear,29.14,74.5744
5.76,Afternoon,Weekday,2.0,High,Snow,61.57,19.3694
37.3,Morning,Weekday,3.0,Low,Snow,97.47,107.7025
40.66,Afternoon,Weekday,2.0,Medium,Clear,34.29,41.4292
43.49,Evening,Weekday,1.0,Low,Clear,68.97,79.6245
45.75,Morning,Weekday,3.0,Medium,Rain,52.31,50.5038
32.85,Night,Weekday,4.0,Medium,Clear,31.52,54.4414
39.99,Afternoon,Weekday,2.0,High,Clear,43.98,39.538
17.56,Evening,Weekday,1.0,Low,Clear,103.66,36.0458
29.34,Afternoon,Weekday,2.0,High,Clear,70.14,82.3678
23.81,Morning,Weekend,1.0,Medium,Rain,62.02,63.1719
15.04,Morning,Weekday,1.0,Low,Clear,15.09,33.4311
29.95,Morning,Weekday,4.0,High,Clear,81.84,69.47070000000001
2.83,Morning,Weekday,1.0,Low,Snow,11.65,8.920300000000001
18.65,Afternoon,Weekday,1.0,Medium,Clear,87.41,54.49459999999999
7.23,Evening,Weekday,1.0,Low,Clear,55.29,33.7491
26.59,Morning,Weekday,2.0,Medium,Clear,51.41,34.2597
11.58,Morning,Weekday,3.0,Low,Rain,63.28,26.9202
5.18,Evening,Weekday,2.0,Medium,Clear,59.81,21.7323
3.53,Morning,Weekend,1.0,Low,Clear,92.82,16.1211
32.23,Afternoon,Weekday,3.0,High,Clear,119.08,70.5144
48.82,Evening,Weekday,2.0,High,Clear,101.76,99.5104
26.3,Evening,Weekday,2.0,Medium,Clear,52.71,65.9299
16.82,Evening,Weekday,4.0,Low,Snow,93.3,65.1668
39.96,Afternoon,Weekday,4.0,Low,Clear,9.66,45.782
2.24,Afternoon,Weekday,1.0,Low,Clear,102.26,19.9412
41.96,Afternoon,Weekend,4.0,Low,Rain,80.28,68.65440000000001
21.04,Afternoon,Weekday,2.0,Low,Rain,72.41,34.726
8.67,Morning,Weekday,2.0,High,Rain,71.36,53.1349
13.26,Morning,Weekday,4.0,Medium,Clear,44.36,38.814400000000006
33.35,Evening,Weekday,1.0,High,Clear,19.63,74.59979999999999
18.44,Afternoon,Weekday,2.0,Low,Rain,44.45,48.027
1.71,Morning,Weekday,4.0,High,Clear,87.85,22.4347
3.0,Afternoon,Weekday,1.0,Low,Clear,9.82,8.729600000000001
42.92,Morning,Weekday,3.0,High,Clear,62.85,71.095
35.48,Afternoon,Weekday,3.0,Low,Clear,72.19,81.39859999999999
5.79,Morning,Weekday,2.0,Medium,Clear,10.65,19.973
25.09,Morning,Weekend,2.0,Medium,Snow,70.95,73.5818
24.2,Afternoon,Weekday,1.0,Low,Snow,103.17,49.4676
9.49,Evening,Weekday,1.0,Medium,Clear,32.82,12.9998
31.18,Afternoon,Weekday,1.0,Medium,Clear,89.23,58.5727
32.12,Afternoon,Weekday,4.0,High,Rain,112.31,86.89770000000001
3.22,Afternoon,Weekday,1.0,Medium,Clear,80.58,32.151399999999995
19.36,Night,Weekday,1.0,Medium,Rain,55.49,38.3875
25.65,Evening,Weekday,2.0,Medium,Snow,110.81,48.4142
42.97,Afternoon,Weekend,4.0,Low,Clear,59.08,108.9734
4.46,Afternoon,Weekend,3.0,Medium,Clear,60.41,23.7068
32.48,Evening,Weekday,3.0,Low,Clear,19.3,41.65619999999999
47.07,Morning,Weekday,4.0,Medium,Rain,71.04,100.2662
29.2,Afternoon,Weekday,3.0,High,Rain,76.53,59.87539999999999
20.02,Night,Weekday,3.0,High,Clear,63.16,23.1614
32.52,Morning,Weekday,4.0,Medium,Rain,98.97,81.85180000000001
47.13,Evening,Weekday,4.0,Low,Clear,6.47,66.90710000000001
19.92,Morning,Weekday,4.0,Low,Clear,84.95,64.0787
45.36,Night,Weekday,3.0,Medium,Clear,70.04,54.436800000000005
4.4,Morning,Weekend,2.0,Low,Rain,45.28,16.834
5.94,Night,Weekday,3.0,Low,Clear,110.47,58.6618
1.89,Morning,Weekend,1.0,Low,Clear,20.41,6.1269
34.47,Afternoon,Weekday,1.0,High,Clear,5.5,41.834700000000005
4.49,Morning,Weekday,3.0,Low,Clear,111.33,45.75449999999999
2.14,Afternoon,Weekend,4.0,High,Clear,43.3,16.525599999999997
14.81,Afternoon,Weekend,1.0,Low,Rain,29.64,20.3458
6.79,Morning,Weekend,3.0,Medium,Clear,72.29,22.4883
35.14,Afternoon,Weekend,2.0,Medium,Clear,55.94,48.006600000000006
44.0,Morning,Weekday,3.0,Low,Clear,41.76,76.9996
40.37,Afternoon,Weekday,1.0,High,Rain,84.32,116.42059999999998
14.82,Evening,Weekday,4.0,High,Clear,88.36,31.609
9.69,Morning,Weekday,2.0,Medium,Clear,85.28,37.0004
37.78,Night,Weekend,2.0,Medium,Clear,40.76,40.9764
40.53,Afternoon,Weekday,1.0,Medium,Clear,16.46,58.6974
49.53,Morning,Weekday,2.0,Medium,Clear,36.33,68.9135
21.22,Morning,Weekday,2.0,Medium,Clear,100.66,73.21499999999999
19.23,Morning,Weekday,3.0,Medium,Clear,117.75,89.472
17.7,Afternoon,Weekend,1.0,Medium,Clear,6.12,27.174
46.61,Evening,Weekday,1.0,High,Clear,21.11,97.7908
37.97,Evening,Weekday,2.0,High,Rain,113.49,97.57659999999998
6.05,Morning,Weekday,3.0,Medium,Clear,46.98,24.4754
25.76,Morning,Weekday,3.0,High,Clear,94.76,36.7152
41.5,Evening,Weekday,3.0,Low,Clear,91.88,102.72459999999998
44.88,Afternoon,Weekday,1.0,Medium,Clear,77.08,68.4404
20.07,Evening,Weekday,2.0,Medium,Snow,78.37,32.155
47.55,Morning,Weekday,4.0,Low,Clear,94.35,123.928
47.58,Morning,Weekday,3.0,Low,Clear,105.33,74.8463
29.1,Morning,Weekday,4.0,High,Clear,29.8,30.698
22.97,Night,Weekend,2.0,Low,Rain,60.53,31.8132
5.47,Morning,Weekend,1.0,Medium,Clear,75.75,19.8829
25.23,Morning,Weekday,3.0,Low,Rain,100.22,51.0291
27.93,Night,Weekend,4.0,Low,Clear,73.35,34.4608
44.5,Night,Weekend,4.0,Medium,Clear,23.88,80.18099999999998
6.74,Evening,Weekend,4.0,Low,Rain,117.71,34.5311
38.31,Afternoon,Weekend,1.0,Low,Clear,31.15,40.2799
31.29,Afternoon,Weekend,1.0,Medium,Snow,24.7,46.8086
5.12,Morning,Weekend,4.0,Low,Clear,75.09,28.7693
35.35,Morning,Weekday,1.0,Medium,Clear,79.01,58.825
41.27,Evening,Weekday,1.0,Low,Clear,107.76,106.2963
5.16,Night,Weekday,2.0,Medium,Clear,58.17,26.6477
47.42,Morning,Weekday,2.0,Low,Rain,104.35,97.4848
37.92,Evening,Weekday,2.0,Medium,Rain,112.04,77.56840000000001
21.79,Evening,Weekday,2.0,High,Clear,5.61,31.7717
45.41,Afternoon,Weekday,2.0,Low,Clear,69.95,35.4031
6.45,Morning,Weekday,2.0,Low,Clear,44.01,33.5331
25.14,Night,Weekday,3.0,High,Rain,42.11,43.069700000000005
1.56,Afternoon,Weekday,4.0,High,Clear,79.16,34.2628
29.59,Afternoon,Weekday,3.0,Medium,Rain,6.34,49.36
48.15,Night,Weekday,2.0,Low,Clear,69.03,72.6627
19.37,Morning,Weekday,3.0,Medium,Clear,81.08,26.9741
15.0,Night,Weekday,3.0,Low,Snow,73.07,46.46469999999999
43.56,Afternoon,Weekday,3.0,Low,Rain,89.67,57.426100000000005
11.96,Evening,Weekday,2.0,Medium,Snow,70.7,41.71940000000001
3.11,Evening,Weekend,3.0,Low,Clear,36.62,12.1141
44.67,Afternoon,Weekend,2.0,Medium,Rain,14.16,61.09400000000001
26.86,Afternoon,Weekday,4.0,Low,Clear,54.4,55.1892
49.66,Afternoon,Weekend,4.0,High,Clear,68.75,72.969
48.5,Evening,Weekday,1.0,Low,Clear,79.03,114.9417
26.63,Afternoon,Weekend,1.0,Medium,Clear,43.27,35.08540000000001
31.84,Evening,Weekday,3.0,High,Snow,91.81,45.6194
23.27,Afternoon,Weekend,2.0,Low,Clear,78.31,78.85079999999999
29.63,Afternoon,Weekday,3.0,High,Clear,6.31,56.345600000000005
3.23,Afternoon,Weekday,2.0,Low,Rain,48.24,27.1606
14.77,Afternoon,Weekend,4.0,Medium,Clear,113.4,54.42370000000001
31.39,Afternoon,Weekday,1.0,Low,Clear,28.43,36.0271
23.72,Afternoon,Weekday,3.0,Medium,Clear,39.05,52.9083
18.31,Afternoon,Weekday,1.0,Medium,Rain,64.22,42.6209
29.6,Afternoon,Weekday,2.0,Low,Clear,24.02,52.2336
4.81,Afternoon,Weekend,1.0,Low,Clear,117.44,46.1779
48.75,Afternoon,Weekend,2.0,Medium,Rain,17.41,61.1936
49.32,Evening,Weekday,1.0,Low,Clear,112.17,88.6814
35.21,Afternoon,Weekend,4.0,Medium,Clear,110.06,66.581
27.27,Afternoon,Weekend,3.0,High,Clear,65.42,47.996
8.97,Afternoon,Weekday,1.0,Low,Clear,44.17,25.5304
31.06,Evening,Weekday,4.0,Low,Clear,37.97,48.4496
21.49,Evening,Weekend,4.0,Low,Rain,47.2,54.4139
43.44,Morning,Weekday,1.0,Low,Clear,11.01,39.9195
2.29,Morning,Weekend,1.0,Low,Clear,13.54,13.9334
19.45,Afternoon,Weekday,1.0,High,Clear,16.93,24.0367
40.72,Evening,Weekday,2.0,High,Clear,98.49,63.3579
49.38,Morning,Weekday,1.0,Low,Clear,9.47,57.153000000000006
30.11,Morning,Weekday,3.0,Medium,Clear,36.34,54.1983
19.66,Night,Weekday,2.0,Low,Clear,105.23,84.873
42.26,Morning,Weekday,3.0,High,Rain,40.14,84.1558
42.08,Afternoon,Weekend,1.0,Medium,Rain,64.53,73.86349999999999
23.97,Morning,Weekday,1.0,High,Clear,48.93,45.2346
21.33,Morning,Weekday,1.0,Low,Clear,69.89,46.61750000000001
14.4,Afternoon,Weekend,2.0,Low,Clear,18.17,34.3543
43.37,Afternoon,Weekend,3.0,Low,Clear,53.94,56.61489999999999
40.83,Afternoon,Weekday,1.0,Medium,Clear,45.05,75.92699999999999
49.99,Afternoon,Weekend,3.0,Low,Clear,86.67,80.7619
28.22,Morning,Weekday,3.0,High,Clear,100.83,55.7598
47.29,Morning,Weekend,1.0,High,Clear,87.75,97.75249999999998
13.12,Afternoon,Weekday,3.0,Medium,Snow,102.3,64.9824
23.08,Morning,Weekend,4.0,Medium,Rain,89.61,54.1212
7.33,Afternoon,Weekend,2.0,Medium,Rain,29.35,29.9765
30.7,Morning,Weekend,4.0,Low,Clear,41.37,44.5307
12.2,Afternoon,Weekend,1.0,Medium,Clear,117.25,35.284
33.91,Morning,Weekday,2.0,Medium,Clear,34.54,40.3595
6.56,Evening,Weekday,4.0,Low,Clear,50.68,32.0088
26.5,Morning,Weekday,1.0,High,Clear,114.61,77.4795
26.49,Night,Weekday,1.0,High,Clear,99.2,66.6318
42.76,Afternoon,Weekday,2.0,Medium,Rain,67.92,71.5568
28.04,Evening,Weekend,4.0,High,Clear,9.69,61.2568
7.57,Afternoon,Weekday,3.0,High,Clear,103.8,40.163
35.5,Afternoon,Weekend,2.0,Low,Rain,111.09,109.89649999999996
11.44,Morning,Weekend,1.0,Low,Rain,103.06,38.2552
7.68,Evening,Weekday,3.0,Medium,Clear,94.11,60.32639999999999
18.18,Evening,Weekday,2.0,High,Rain,63.0,46.316
45.3,Afternoon,Weekend,3.0,Medium,Rain,8.51,37.7718
18.06,Afternoon,Weekend,3.0,High,Clear,20.16,23.279
20.43,Evening,Weekday,2.0,Medium,Clear,53.63,52.6406
43.26,Morning,Weekday,4.0,Medium,Snow,47.55,77.8741
8.21,Morning,Weekend,3.0,Medium,Clear,95.18,46.49680000000001
46.4,Afternoon,Weekday,4.0,Low,Clear,92.78,101.9914
25.11,Afternoon,Weekday,4.0,Medium,Clear,88.1,59.3324
23.5,Morning,Weekday,4.0,Medium,Clear,43.87,36.9301
49.02,Afternoon,Weekend,4.0,Low,Clear,59.03,95.2278
25.14,Afternoon,Weekday,2.0,Medium,Rain,43.04,40.2186
7.32,Afternoon,Weekday,4.0,Medium,Clear,117.69,58.9867
8.44,Evening,Weekend,3.0,Low,Clear,75.4,41.30720000000001
32.4,Night,Weekend,4.0,Low,Clear,13.17,68.9296
9.91,Morning,Weekday,1.0,Medium,Rain,61.11,38.348600000000005
17.94,Morning,Weekday,1.0,High,Clear,85.75,58.0861
44.94,Evening,Weekday,1.0,Low,Clear,64.02,69.1938
9.44,Morning,Weekday,1.0,Low,Clear,14.92,12.6264
3.0,Evening,Weekday,2.0,Low,Clear,48.49,26.111700000000003
9.28,Morning,Weekday,3.0,Medium,Clear,71.29,38.447500000000005
14.65,Afternoon,Weekday,4.0,Medium,Clear,96.08,63.93
9.67,Morning,Weekend,4.0,Medium,Clear,42.3,32.7178
6.91,Morning,Weekday,3.0,Low,Clear,20.57,17.1693
23.58,Afternoon,Weekday,2.0,Medium,Clear,38.5,29.778
34.83,Afternoon,Weekday,3.0,Medium,Snow,87.5,79.71459999999999
2.93,Evening,Weekend,2.0,Medium,Snow,113.48,43.60339999999999
40.17,Afternoon,Weekday,2.0,Medium,Rain,65.69,93.1014
31.77,Afternoon,Weekday,4.0,Low,Clear,67.1,72.9137
5.01,Afternoon,Weekend,4.0,Low,Rain,58.02,29.055300000000003
43.81,Afternoon,Weekday,3.0,Medium,Clear,42.48,69.9316
46.12,Afternoon,Weekday,3.0,Low,Clear,59.7,102.4302
37.66,Evening,Weekday,4.0,Medium,Clear,104.15,87.5241
19.15,Afternoon,Weekday,2.0,Medium,Clear,80.61,38.9965
24.74,Night,Weekend,3.0,High,Clear,107.93,88.8816
19.08,Afternoon,Weekend,4.0,Medium,Clear,115.6,39.1976
23.66,Morning,Weekday,3.0,Medium,Clear,52.82,25.8856
13.37,Afternoon,Weekday,2.0,Low,Rain,114.32,50.2412
35.95,Evening,Weekday,2.0,Low,Clear,33.13,49.78730000000001
27.07,Evening,Weekday,1.0,Medium,Clear,35.88,31.2318
6.25,Night,Weekend,4.0,Medium,Snow,94.31,44.6322
12.88,Morning,Weekend,2.0,Low,Clear,42.13,43.9909
19.49,Night,Weekend,4.0,Medium,Rain,76.0,34.5781
44.64,Evening,Weekday,1.0,Medium,Rain,52.27,78.7809
39.67,Evening,Weekday,1.0,Medium,Clear,52.06,61.871
25.42,Evening,Weekday,4.0,Medium,Clear,67.58,54.7066
5.26,Morning,Weekday,1.0,Low,Clear,67.5,33.344
29.76,Morning,Weekday,3.0,Medium,Rain,20.5,62.7544
37.53,Afternoon,Weekday,4.0,Low,Rain,62.05,101.0292
22.15,Morning,Weekend,2.0,Low,Clear,24.45,32.985499999999995
14.91,Afternoon,Weekend,1.0,Medium,Clear,112.25,65.9698
18.79,Afternoon,Weekend,3.0,High,Rain,74.57,45.1726
28.97,Afternoon,Weekday,3.0,Medium,Clear,51.21,65.195
18.45,Afternoon,Weekday,4.0,Medium,Clear,109.53,85.4652
30.68,Night,Weekday,1.0,Medium,Clear,93.45,72.16069999999999
5.99,Night,Weekday,3.0,Medium,Clear,115.4,41.014300000000006
13.05,Morning,Weekday,1.0,Low,Clear,103.2,38.9635
8.87,Night,Weekday,3.0,Low,Clear,24.8,24.6913
9.5,Afternoon,Weekday,1.0,Low,Clear,36.15,29.2945
4.93,Evening,Weekend,1.0,Medium,Clear,8.67,9.9494
26.7,Evening,Weekday,4.0,Medium,Clear,13.75,50.789
21.11,Evening,Weekend,3.0,High,Clear,36.5,30.4015
49.14,Afternoon,Weekday,3.0,High,Rain,27.99,69.1972
20.49,Afternoon,Weekday,1.0,High,Clear,96.76,74.2598
43.41,Afternoon,Weekday,2.0,Low,Rain,5.66,58.0149
13.64,Night,Weekend,2.0,Medium,Rain,51.91,26.076
9.37,Afternoon,Weekday,1.0,Medium,Clear,18.1,20.3509
46.54,Morning,Weekday,2.0,Low,Rain,85.74,60.0264
28.28,Evening,Weekday,2.0,Medium,Rain,87.9,71.6404
14.72,Afternoon,Weekday,4.0,Medium,Clear,5.01,20.9951
38.71,Afternoon,Weekday,2.0,Medium,Rain,114.7,86.3545
16.86,Morning,Weekday,1.0,Medium,Clear,108.96,75.7144
21.85,Afternoon,Weekday,3.0,High,Rain,6.8,32.5735
12.88,Morning,Weekday,4.0,Medium,Rain,98.13,32.2622
6.63,Afternoon,Weekend,4.0,Medium,Clear,101.28,40.8036
30.92,Morning,Weekday,4.0,Low,Rain,15.73,46.5931
15.14,Morning,Weekday,3.0,Low,Rain,89.96,46.61319999999999
24.58,Afternoon,Weekend,1.0,Medium,Clear,70.61,58.59289999999999
3.54,Afternoon,Weekend,2.0,Low,Snow,55.94,20.2324
17.49,Afternoon,Weekday,2.0,Low,Clear,73.92,61.8896
4.11,Afternoon,Weekend,4.0,Low,Snow,112.28,51.6226
49.51,Morning,Weekend,2.0,Medium,Clear,13.75,46.207800000000006
13.48,Afternoon,Weekday,3.0,Low,Rain,96.07,38.769
21.18,Afternoon,Weekday,2.0,Low,Rain,51.27,46.1432
18.09,Morning,Weekday,4.0,Medium,Clear,7.7,19.2698
46.55,Night,Weekday,3.0,High,Clear,42.88,83.375
48.29,Afternoon,Weekend,3.0,Medium,Rain,109.74,104.1555
36.81,Morning,Weekday,2.0,Low,Clear,19.66,78.95210000000002
46.98,Morning,Weekend,4.0,Low,Clear,15.7,101.6666
9.88,Morning,Weekend,1.0,Medium,Clear,72.77,25.8142
37.31,Morning,Weekday,2.0,High,Clear,35.63,54.9343
29.15,Afternoon,Weekday,2.0,Medium,Clear,108.44,81.9816
39.97,Night,Weekday,3.0,Medium,Rain,107.38,47.846900000000005
9.05,Afternoon,Weekend,2.0,Medium,Clear,59.73,19.1069
40.91,Afternoon,Weekday,1.0,Medium,Clear,19.1,57.53359999999999
33.59,Afternoon,Weekday,1.0,Low,Rain,111.71,69.7245
43.98,Evening,Weekend,4.0,Low,Clear,47.22,72.8562
23.67,Evening,Weekday,1.0,Medium,Snow,43.49,62.2353
37.63,Evening,Weekday,4.0,Medium,Clear,85.34,38.6058
25.63,Morning,Weekday,3.0,Medium,Rain,85.95,59.886
12.38,Afternoon,Weekday,2.0,Medium,Rain,61.64,29.9606
19.81,Morning,Weekday,3.0,Low,Rain,61.26,43.8544
45.42,Evening,Weekend,3.0,Medium,Clear,27.93,50.89789999999999
6.73,Afternoon,Weekday,4.0,Low,Clear,9.87,20.0083
47.05,Morning,Weekday,4.0,Low,Snow,77.86,128.6549
31.76,Morning,Weekday,3.0,Low,Clear,33.58,34.952
7.82,Night,Weekend,2.0,Low,Rain,93.64,36.1464
39.91,Evening,Weekday,4.0,Medium,Clear,42.63,75.4875
31.38,Night,Weekday,4.0,High,Clear,32.85,28.6304
27.14,Afternoon,Weekend,2.0,Medium,Clear,24.44,31.4354
44.8,Morning,Weekend,1.0,Low,Clear,94.11,108.2325
39.64,Afternoon,Weekday,4.0,Medium,Rain,19.92,57.3952
13.18,Morning,Weekday,4.0,Medium,Clear,84.05,55.86
37.45,Afternoon,Weekday,4.0,Low,Clear,77.83,32.2063
2.64,Morning,Weekday,1.0,Medium,Snow,98.23,51.2833
28.92,Afternoon,Weekend,1.0,Medium,Clear,10.15,22.5469
38.36,Evening,Weekday,3.0,Medium,Clear,39.09,49.3168
41.24,Afternoon,Weekday,1.0,High,Clear,38.26,60.92600000000001
42.48,Evening,Weekday,4.0,High,Clear,65.02,96.7288
8.35,Afternoon,Weekday,4.0,Medium,Clear,43.66,36.5375
12.23,Afternoon,Weekday,4.0,Medium,Clear,38.38,25.9025
32.42,Evening,Weekday,4.0,Low,Clear,14.18,49.852
35.0,Morning,Weekday,2.0,Low,Snow,53.07,64.2861
27.59,Night,Weekend,1.0,Medium,Clear,113.43,75.27289999999999
9.9,Afternoon,Weekend,3.0,Medium,Clear,102.33,45.4312
45.51,Evening,Weekday,4.0,Medium,Rain,89.21,100.305
29.59,Afternoon,Weekend,4.0,High,Snow,75.26,64.73160000000001
25.79,Afternoon,Weekday,2.0,Medium,Clear,66.91,30.5797
30.96,Afternoon,Weekday,2.0,High,Clear,69.98,53.9468
43.73,Morning,Weekday,4.0,Low,Clear,108.76,138.6425
35.14,Morning,Weekend,2.0,Medium,Clear,113.49,53.550900000000006
35.65,Night,Weekend,4.0,Low,Rain,35.49,43.8543
8.47,Evening,Weekend,2.0,High,Clear,61.93,25.4565
30.73,Morning,Weekend,3.0,Medium,Rain,63.09,72.553
46.78,Afternoon,Weekend,3.0,Medium,Clear,34.03,90.7801
46.35,Morning,Weekday,1.0,Medium,Clear,89.15,68.52850000000001
6.55,Morning,Weekend,3.0,Medium,Rain,45.41,21.6555
49.26,Afternoon,Weekday,4.0,Low,Clear,35.46,109.4304
42.11,Evening,Weekday,1.0,High,Clear,45.23,67.3902
7.11,Morning,Weekday,2.0,Low,Rain,86.46,20.2751
26.42,Night,Weekend,3.0,Low,Clear,16.49,60.7394
29.97,Morning,Weekday,3.0,Medium,Clear,97.58,64.86420000000001
20.55,Evening,Weekday,3.0,Low,Snow,47.54,53.16
3.68,Afternoon,Weekday,3.0,Medium,Clear,79.58,43.224
17.42,Afternoon,Weekday,4.0,Medium,Clear,88.42,62.0624
40.34,Morning,Weekend,1.0,Medium,Clear,29.11,43.31230000000001
20.51,Evening,Weekday,3.0,Medium,Snow,54.3,50.07450000000001
27.33,Afternoon,Weekday,4.0,High,Clear,25.97,22.0141
46.07,Afternoon,Weekend,3.0,High,Clear,113.36,87.7201
17.97,Morning,Weekend,3.0,Low,Clear,91.83,33.3599
37.14,Evening,Weekday,3.0,Low,Clear,43.84,52.0972
23.17,Afternoon,Weekday,2.0,Low,Clear,93.07,78.1988
7.9,Afternoon,Weekday,3.0,Medium,Clear,55.74,42.1098
25.42,Evening,Weekday,4.0,Low,Snow,49.45,49.1871
18.76,Afternoon,Weekday,2.0,High,Clear,117.24,53.4536
33.51,Afternoon,Weekend,4.0,Low,Rain,67.27,61.9923
9.72,Afternoon,Weekend,2.0,High,Clear,101.99,36.2571
48.09,Afternoon,Weekend,1.0,High,Clear,92.6,90.4747
8.28,Night,Weekday,4.0,Medium,Snow,11.7,19.4986
49.85,Morning,Weekday,3.0,Medium,Clear,104.35,76.737
30.17,Afternoon,Weekday,4.0,Medium,Clear,103.47,99.0039
37.75,Evening,Weekday,2.0,Medium,Snow,44.99,30.0888
45.0,Evening,Weekend,3.0,High,Clear,28.19,72.13080000000001
11.05,Night,Weekday,4.0,Medium,Clear,14.0,15.5675
4.22,Evening,Weekday,3.0,Low,Clear,83.98,25.095
39.0,Evening,Weekend,1.0,Low,Clear,64.81,90.8983
23.21,Afternoon,Weekday,4.0,Medium,Clear,100.48,45.85979999999999
26.7,Morning,Weekend,1.0,Medium,Clear,53.21,47.8069
22.6,Afternoon,Weekday,1.0,Medium,Clear,27.31,51.058800000000005
20.64,Night,Weekday,3.0,Low,Clear,37.76,40.2564
28.42,Night,Weekday,3.0,Medium,Snow,63.09,59.74210000000001
8.61,Morning,Weekday,3.0,Low,Clear,66.1,32.2544
43.23,Morning,Weekday,2.0,Low,Rain,96.01,70.8329
19.29,Evening,Weekend,3.0,Low,Clear,94.79,48.2843
2.24,Evening,Weekend,3.0,Medium,Clear,13.69,8.6709
8.65,Afternoon,Weekday,3.0,Medium,Rain,33.37,16.1592
33.29,Afternoon,Weekday,3.0,High,Clear,52.09,50.996100000000006
11.88,Afternoon,Weekday,2.0,Medium,Clear,39.27,22.7573
12.32,Afternoon,Weekday,3.0,Low,Clear,6.37,19.9427
33.92,Evening,Weekend,4.0,Low,Clear,39.58,36.09780000000001
1.97,Afternoon,Weekday,1.0,Medium,Clear,71.48,32.428200000000004
40.2,Morning,Weekday,3.0,High,Clear,66.51,78.18800000000002
9.75,Afternoon,Weekend,1.0,Medium,Clear,105.81,45.2855
32.98,Morning,Weekday,3.0,High,Clear,109.94,78.64779999999999
5.87,Evening,Weekend,4.0,Low,Clear,58.15,28.0701
36.39,Morning,Weekday,4.0,Low,Clear,114.15,94.5643
42.93,Afternoon,Weekday,2.0,Medium,Clear,119.84,43.19980000000001
33.74,Afternoon,Weekday,4.0,High,Rain,48.47,56.3682
11.04,Evening,Weekend,2.0,High,Clear,5.93,11.596999999999998
15.36,Afternoon,Weekday,1.0,Low,Clear,6.06,16.9168
44.92,Morning,Weekday,2.0,Low,Clear,57.97,101.8744
1.64,Afternoon,Weekday,3.0,Low,Clear,61.16,32.7396
5.19,Evening,Weekday,4.0,Low,Rain,7.6,12.7333
9.89,Evening,Weekday,2.0,Low,Snow,69.39,38.95910000000001
13.71,Afternoon,Weekday,3.0,Low,Clear,27.87,22.3206
31.58,Night,Weekend,1.0,Medium,Rain,91.7,54.3684
21.06,Afternoon,Weekend,3.0,Medium,Clear,17.7,44.7904
28.05,Afternoon,Weekday,1.0,Medium,Clear,58.8,45.9215
22.37,Evening,Weekday,3.0,Medium,Clear,13.15,34.376400000000004
15.43,Evening,Weekend,3.0,Medium,Clear,73.79,48.2267
38.42,Afternoon,Weekday,1.0,Low,Clear,65.68,54.76660000000001
7.87,Afternoon,Weekday,2.0,Low,Clear,64.51,26.1975
24.88,Morning,Weekend,2.0,High,Clear,68.14,55.3432
44.83,Afternoon,Weekend,3.0,Medium,Snow,72.04,64.7223
40.19,Afternoon,Weekday,1.0,Medium,Clear,51.19,52.9218
21.84,Evening,Weekday,4.0,Low,Clear,114.14,46.639
14.17,Afternoon,Weekend,4.0,Low,Snow,37.82,19.7235
27.54,Afternoon,Weekend,1.0,Low,Clear,102.08,80.7576
13.64,Morning,Weekday,4.0,Medium,Rain,100.3,39.275
7.83,Afternoon,Weekday,4.0,Medium,Clear,99.63,29.3753
41.91,Afternoon,Weekday,2.0,Medium,Clear,26.72,63.7777
49.24,Afternoon,Weekday,2.0,Medium,Clear,85.63,54.67150000000001
26.76,Afternoon,Weekday,2.0,High,Clear,38.42,42.398
1.9,Morning,Weekend,1.0,Low,Clear,88.44,29.9812
6.77,Afternoon,Weekend,2.0,High,Clear,5.1,10.4444
14.43,Morning,Weekday,4.0,High,Clear,24.69,29.0627
28.15,Afternoon,Weekday,2.0,High,Clear,17.02,22.2951
32.92,Evening,Weekday,4.0,Low,Clear,32.31,38.8456
11.11,Evening,Weekend,3.0,Medium,Clear,59.73,25.1652
1.54,Afternoon,Weekday,3.0,High,Clear,10.13,9.8718
43.82,Afternoon,Weekday,4.0,Low,Clear,42.17,73.3691
30.27,Afternoon,Weekend,4.0,Medium,Clear,41.65,41.0174
30.43,Morning,Weekend,2.0,Medium,Clear,56.58,65.0136
33.59,Morning,Weekday,4.0,Medium,Clear,77.02,55.5074
9.59,Afternoon,Weekend,2.0,High,Clear,21.83,20.2164
21.52,Night,Weekend,3.0,High,Rain,103.83,93.5096
19.77,Night,Weekday,4.0,Low,Clear,34.47,47.6252
26.43,Afternoon,Weekend,4.0,Medium,Clear,48.72,58.65549999999999
3.3,Afternoon,Weekend,2.0,Low,Clear,105.2,33.183
9.15,Afternoon,Weekday,2.0,Medium,Snow,81.26,48.8108
37.16,Evening,Weekend,1.0,Medium,Snow,44.3,46.3014
18.43,Afternoon,Weekend,2.0,Low,Clear,114.78,45.03040000000001
28.75,Afternoon,Weekend,2.0,High,Rain,63.9,59.68299999999999
24.33,Morning,Weekday,3.0,High,Clear,46.42,33.7362
46.9,Evening,Weekday,4.0,High,Clear,84.34,48.44540000000001
36.9,Morning,Weekend,4.0,Low,Clear,106.66,100.5938
2.53,Morning,Weekday,2.0,Medium,Clear,110.59,56.688500000000005
13.85,Night,Weekday,4.0,Medium,Clear,98.75,59.6075
25.32,Evening,Weekend,4.0,Medium,Rain,37.19,62.7976
30.25,Evening,Weekend,2.0,Medium,Clear,17.18,46.0189
17.38,Morning,Weekday,2.0,Low,Rain,17.91,23.1248
38.77,Evening,Weekday,1.0,Medium,Clear,38.49,38.6747
6.22,Afternoon,Weekend,4.0,Medium,Clear,75.63,46.6313
4.68,Afternoon,Weekend,4.0,Medium,Rain,97.5,53.6582
36.68,Morning,Weekday,4.0,Low,Clear,108.41,85.5747
34.73,Evening,Weekday,4.0,Low,Clear,5.65,44.88589999999999
22.31,Afternoon,Weekday,2.0,Low,Clear,26.43,54.6247
41.14,Evening,Weekend,3.0,Medium,Rain,46.78,82.44200000000001
40.17,Evening,Weekday,3.0,Low,Clear,62.66,56.6394
14.34,Afternoon,Weekday,1.0,Medium,Clear,45.07,30.7837
18.69,Evening,Weekday,3.0,Medium,Clear,79.41,51.8548
5.49,Afternoon,Weekend,4.0,Medium,Clear,58.39,34.4049
47.56,Morning,Weekday,1.0,Low,Clear,114.94,61.209
